Summary,Issue key,Issue id,Issue Type,Status,Project key,Project name,Project type,Project lead,Project lead id,Project description,Priority,Resolution,Assignee,Assignee Id,Reporter,Reporter Id,Creator,Creator Id,Created,Updated,Last Viewed,Resolved,Due date,Votes,Description,Environment,Watchers,Watchers Id,Original estimate,Remaining Estimate,Time Spent,Work Ratio,Σ Original Estimate,Σ Remaining Estimate,Σ Time Spent,Security Level,Outward issue link (Blocks),Outward issue link (Blocks),Outward issue link (Cloners),Outward issue link (Relates),Outward issue link (Relates),Outward issue link (Relates),Attachment,Custom field (Actual end),Custom field (Actual start),Custom field (Change reason),Custom field (Change risk),Custom field (Change type),Custom field (Development),Custom field (Epic Color),Custom field (Epic Link),Custom field (Epic Name),Custom field (Epic Status),Custom field (Impact),Custom field (Issue color),Custom field (Rank),Custom field (Request Type),Sprint,Custom field (Start date),Custom field (Story Points),Custom field (Story point estimate),Custom field (Target end),Custom field (Target start),Custom field (Team),Custom field ([CHART] Date of First Response),Status Category
Verify whether given list renders or not(pagination) Coupon ,UN-66,10090,Test,Done,UN,Uniform,software,Ruturaj Jamdar,612ef7bb0f8ff40068cd574d,,Medium,Done,Ruturaj Jamdar,612ef7bb0f8ff40068cd574d,Ruturaj Jamdar,612ef7bb0f8ff40068cd574d,Ruturaj Jamdar,612ef7bb0f8ff40068cd574d,08/Sep/21 9:12 AM,08/Sep/21 9:22 AM,08/Sep/21 9:12 AM,08/Sep/21 9:22 AM,,0,,,Ruturaj Jamdar,612ef7bb0f8ff40068cd574d,,,,,,,,,,,UN-44,,,,,,,,,,{},,,,,,,0|i0006m:zwzzy,,UN Sprint 1,,,,,,,,Done
verify that admin is able to select top and column in data field of category,UN-65,10089,Test,Done,UN,Uniform,software,Ruturaj Jamdar,612ef7bb0f8ff40068cd574d,,Medium,Done,Ruturaj Jamdar,612ef7bb0f8ff40068cd574d,Ruturaj Jamdar,612ef7bb0f8ff40068cd574d,Ruturaj Jamdar,612ef7bb0f8ff40068cd574d,08/Sep/21 9:03 AM,08/Sep/21 9:22 AM,08/Sep/21 9:07 AM,08/Sep/21 9:22 AM,,0,,,Ruturaj Jamdar,612ef7bb0f8ff40068cd574d,,,,,,,,,,,,,,,,,,,,,{},,,,,,,0|i0006m:zwzz9,,UN Sprint 1,,,,,,,,Done
verify coupon per customer and use,UN-64,10088,Test,Done,UN,Uniform,software,Ruturaj Jamdar,612ef7bb0f8ff40068cd574d,,Medium,Done,Ruturaj Jamdar,612ef7bb0f8ff40068cd574d,Ruturaj Jamdar,612ef7bb0f8ff40068cd574d,Ruturaj Jamdar,612ef7bb0f8ff40068cd574d,08/Sep/21 9:01 AM,08/Sep/21 9:22 AM,08/Sep/21 9:02 AM,08/Sep/21 9:22 AM,,0,,,Ruturaj Jamdar,612ef7bb0f8ff40068cd574d,,,,,,,,,,,,,,,,,,,,,{},,,,,,,0|i0006m:zwzzx,,UN Sprint 1,,,,,,,,Done
verify the discount and total amount in coupon,UN-63,10087,Test,Done,UN,Uniform,software,Ruturaj Jamdar,612ef7bb0f8ff40068cd574d,,Medium,Done,Ruturaj Jamdar,612ef7bb0f8ff40068cd574d,Ruturaj Jamdar,612ef7bb0f8ff40068cd574d,Ruturaj Jamdar,612ef7bb0f8ff40068cd574d,08/Sep/21 8:58 AM,08/Sep/21 9:22 AM,08/Sep/21 9:00 AM,08/Sep/21 9:22 AM,,0,,,Ruturaj Jamdar,612ef7bb0f8ff40068cd574d,,,,,,,,,,,,,,,,,,,,,{},,,,,,,0|i0006m:zwzzm,,UN Sprint 1,,,,,,,,Done
To verify description in category,UN-62,10086,Test,Done,UN,Uniform,software,Ruturaj Jamdar,612ef7bb0f8ff40068cd574d,,Medium,Done,Ruturaj Jamdar,612ef7bb0f8ff40068cd574d,Ruturaj Jamdar,612ef7bb0f8ff40068cd574d,Ruturaj Jamdar,612ef7bb0f8ff40068cd574d,08/Sep/21 8:55 AM,08/Sep/21 9:23 AM,08/Sep/21 8:56 AM,08/Sep/21 9:23 AM,,0,,,Ruturaj Jamdar,612ef7bb0f8ff40068cd574d,,,,,,,,,,,UN-31,,,,,,,,,,{},,,,,,,0|i0006m:zwzzv,,UN Sprint 1,,,,,,,,Done
"Verifying that in coupon section,  the End date for coupon validation is is less than that start date",UN-61,10085,Bug,To Do,UN,Uniform,software,Ruturaj Jamdar,612ef7bb0f8ff40068cd574d,,Medium,,,,Ruturaj Jamdar,612ef7bb0f8ff40068cd574d,Ruturaj Jamdar,612ef7bb0f8ff40068cd574d,08/Sep/21 5:07 AM,08/Sep/21 6:19 AM,08/Sep/21 5:15 AM,,,0,"1.Go to uniform app.

2.Click on coupon under marketing section.

3.click on edit option.

# In edit section user should not add end date less than start date

Expected Result

Admin should not  be able to  add end date less than start date

!Date Bug.png|width=1920,height=1080!

Actual Result

Admin is able to add end date less than start date",,Ruturaj Jamdar,612ef7bb0f8ff40068cd574d,,,,,,,,,UN-24,UN-60,,,,,08/Sep/21 5:10 AM;ug:720199d5-cc87-4f44-ae81-e976cf5905b4;Date Bug.png;https://corporateola9496.atlassian.net/secure/attachment/10002/Date+Bug.png,,,,,,{},,,,,,,0|i0006m:zwzzr,,UN Sprint 1,,,,,,,,To Do
Verifying the start date and end date while editing coupon,UN-60,10084,Test,block,UN,Uniform,software,Ruturaj Jamdar,612ef7bb0f8ff40068cd574d,,Medium,,,,Ruturaj Jamdar,612ef7bb0f8ff40068cd574d,Ruturaj Jamdar,612ef7bb0f8ff40068cd574d,08/Sep/21 4:51 AM,08/Sep/21 5:15 AM,08/Sep/21 5:28 AM,,,0,,,Ruturaj Jamdar,612ef7bb0f8ff40068cd574d,,,,,,,,,,,,UN-24,,,,,,,,,{},,,,,,,0|i0006m:zwzu,,UN Sprint 1,,,,,,,,In Progress
verify  whether admin can select the checkbox in coupon,UN-59,10083,Test,Done,UN,Uniform,software,Ruturaj Jamdar,612ef7bb0f8ff40068cd574d,,Medium,Done,,,Ruturaj Jamdar,612ef7bb0f8ff40068cd574d,Ruturaj Jamdar,612ef7bb0f8ff40068cd574d,08/Sep/21 4:26 AM,08/Sep/21 5:14 AM,08/Sep/21 4:27 AM,08/Sep/21 5:14 AM,,0,,,Ruturaj Jamdar,612ef7bb0f8ff40068cd574d,,,,,,,,,,,UN-58,,,,,,,,,,{},,,,,,,0|i0006m:zwzzi,,UN Sprint 1,,,,,,,,Done
verify  whether admin can select the checkbox in category,UN-58,10082,Test,Done,UN,Uniform,software,Ruturaj Jamdar,612ef7bb0f8ff40068cd574d,,Medium,Done,,,Ruturaj Jamdar,612ef7bb0f8ff40068cd574d,Ruturaj Jamdar,612ef7bb0f8ff40068cd574d,08/Sep/21 4:23 AM,08/Sep/21 5:14 AM,08/Sep/21 4:26 AM,08/Sep/21 5:14 AM,,0,,,Ruturaj Jamdar,612ef7bb0f8ff40068cd574d,,,,,,,,,,,,UN-57,,,,,,,,,{},,,,,,,0|i0006m:zwzt,,UN Sprint 1,,,,,,,,Done
To verify checkbox of  coupon and category for selection ,UN-57,10081,Story,Done,UN,Uniform,software,Ruturaj Jamdar,612ef7bb0f8ff40068cd574d,,Medium,Done,,,Ruturaj Jamdar,612ef7bb0f8ff40068cd574d,Ruturaj Jamdar,612ef7bb0f8ff40068cd574d,08/Sep/21 4:23 AM,08/Sep/21 5:14 AM,08/Sep/21 4:27 AM,08/Sep/21 5:14 AM,,0,,,Ruturaj Jamdar,612ef7bb0f8ff40068cd574d,,,,,,,,,,,,UN-59,,,,,,,,,{},,,,,,,0|i0006m:zwzd,,UN Sprint 1,,,,,,,,Done
verify that admin is able to see history of edited coupons,UN-56,10080,Bug,To Do,UN,Uniform,software,Ruturaj Jamdar,612ef7bb0f8ff40068cd574d,,Medium,,Ruturaj Jamdar,612ef7bb0f8ff40068cd574d,Ruturaj Jamdar,612ef7bb0f8ff40068cd574d,Ruturaj Jamdar,612ef7bb0f8ff40068cd574d,07/Sep/21 12:05 PM,08/Sep/21 6:19 AM,08/Sep/21 5:20 AM,,,0,"1.Go to uniform app. 

2.Click on coupon under marketing section.

3.click on edit option.

4. In  edit section user should be able to see history. 

Expected Result

Admin should be able to see edited history

Actual Result

Admin is unable to see history

!Bug.png|width=1920,height=1080!",,Ruturaj Jamdar,612ef7bb0f8ff40068cd574d,,,,,,,,,UN-24,,,,,,07/Sep/21 12:31 PM;ug:720199d5-cc87-4f44-ae81-e976cf5905b4;Bug.png;https://corporateola9496.atlassian.net/secure/attachment/10001/Bug.png,,,,,,{},,,,,,,0|i0006m:zwzz,,UN Sprint 1,,,,,,,,To Do
As a admin I have to see history of edited coupon ,UN-55,10079,Test,block,UN,Uniform,software,Ruturaj Jamdar,612ef7bb0f8ff40068cd574d,,Medium,,Ruturaj Jamdar,612ef7bb0f8ff40068cd574d,Ruturaj Jamdar,612ef7bb0f8ff40068cd574d,Ruturaj Jamdar,612ef7bb0f8ff40068cd574d,07/Sep/21 12:01 PM,08/Sep/21 4:13 AM,08/Sep/21 4:10 AM,,,0,,,Ruturaj Jamdar,612ef7bb0f8ff40068cd574d,,,,,,,,,UN-56,,,UN-24,,,,,,,,,{},,,,,,,0|i0006m:zwzy,,UN Sprint 1,,,,,,,,In Progress
 verify whether admin can go to home page from coupon,UN-54,10078,Test,Done,UN,Uniform,software,Ruturaj Jamdar,612ef7bb0f8ff40068cd574d,,Medium,Done,Ruturaj Jamdar,612ef7bb0f8ff40068cd574d,Ruturaj Jamdar,612ef7bb0f8ff40068cd574d,Ruturaj Jamdar,612ef7bb0f8ff40068cd574d,07/Sep/21 11:27 AM,07/Sep/21 11:53 AM,07/Sep/21 11:53 AM,07/Sep/21 11:53 AM,,0,,,Ruturaj Jamdar,612ef7bb0f8ff40068cd574d,,,,,,,,,,,UN-53,UN-52,,,,,,,,,{},,,,,,,0|i0006m:zwz4,,UN Sprint 1,,,,,,,,Done
verify whether admin can go to home page from category,UN-53,10077,Test,Done,UN,Uniform,software,Ruturaj Jamdar,612ef7bb0f8ff40068cd574d,,Medium,Done,Ruturaj Jamdar,612ef7bb0f8ff40068cd574d,Ruturaj Jamdar,612ef7bb0f8ff40068cd574d,Ruturaj Jamdar,612ef7bb0f8ff40068cd574d,07/Sep/21 11:24 AM,07/Sep/21 11:50 AM,07/Sep/21 11:50 AM,07/Sep/21 11:50 AM,,0,,,Ruturaj Jamdar,612ef7bb0f8ff40068cd574d,,,,,,,,,,,,UN-52,,,,,,,,,{},,,,,,,0|i0006m:zwzw,,UN Sprint 1,,,,,,,,Done
As a admin I have to visit Home from category as well as coupon,UN-52,10076,Story,Done,UN,Uniform,software,Ruturaj Jamdar,612ef7bb0f8ff40068cd574d,,Medium,Done,Ruturaj Jamdar,612ef7bb0f8ff40068cd574d,Ruturaj Jamdar,612ef7bb0f8ff40068cd574d,Ruturaj Jamdar,612ef7bb0f8ff40068cd574d,07/Sep/21 11:23 AM,07/Sep/21 11:49 AM,07/Sep/21 11:49 AM,07/Sep/21 11:49 AM,,0,,,Ruturaj Jamdar,612ef7bb0f8ff40068cd574d,,,,,,,,,,,,,,,,,,,,,{},,,,,,,0|i0006m:zwzx,,UN Sprint 1,,,,,,,,Done
 Verify that admin is able to navigate to coupon,UN-51,10075,Test,Done,UN,Uniform,software,Ruturaj Jamdar,612ef7bb0f8ff40068cd574d,,Medium,Done,Ruturaj Jamdar,612ef7bb0f8ff40068cd574d,Ruturaj Jamdar,612ef7bb0f8ff40068cd574d,Ruturaj Jamdar,612ef7bb0f8ff40068cd574d,07/Sep/21 11:19 AM,07/Sep/21 11:49 AM,08/Sep/21 3:42 AM,07/Sep/21 11:49 AM,,0,,,Ruturaj Jamdar,612ef7bb0f8ff40068cd574d,,,,,,,,,,,UN-50,UN-49,,,,,,,,,{},,,,,,,0|i0006m:zwzr,,UN Sprint 1,,,,,,,,Done
Verify that admin is able to navigate to category,UN-50,10074,Test,Done,UN,Uniform,software,Ruturaj Jamdar,612ef7bb0f8ff40068cd574d,,Medium,Done,Ruturaj Jamdar,612ef7bb0f8ff40068cd574d,Ruturaj Jamdar,612ef7bb0f8ff40068cd574d,Ruturaj Jamdar,612ef7bb0f8ff40068cd574d,07/Sep/21 11:16 AM,07/Sep/21 11:54 AM,07/Sep/21 11:54 AM,07/Sep/21 11:54 AM,,0,,,Ruturaj Jamdar,612ef7bb0f8ff40068cd574d,,,,,,,,,,,,UN-49,,,,,,,,,{},,,,,,,0|i0006m:zwzv,,UN Sprint 1,,,,,,,,Done
As a admin I have to navigate to coupon and category field,UN-49,10073,Story,Done,UN,Uniform,software,Ruturaj Jamdar,612ef7bb0f8ff40068cd574d,,Medium,Done,Ruturaj Jamdar,612ef7bb0f8ff40068cd574d,Ruturaj Jamdar,612ef7bb0f8ff40068cd574d,Ruturaj Jamdar,612ef7bb0f8ff40068cd574d,07/Sep/21 11:15 AM,07/Sep/21 11:48 AM,07/Sep/21 11:48 AM,07/Sep/21 11:48 AM,,0,,,Ruturaj Jamdar,612ef7bb0f8ff40068cd574d,,,,,,,,,,,,,,,,,,,,,{},,,,,,,0|i0006m:zwz9,,UN Sprint 1,,,,,,,,Done
verify that admin is able to select parent and seo url in data field of category,UN-48,10072,Test,Done,UN,Uniform,software,Ruturaj Jamdar,612ef7bb0f8ff40068cd574d,,Medium,Done,Ruturaj Jamdar,612ef7bb0f8ff40068cd574d,Ruturaj Jamdar,612ef7bb0f8ff40068cd574d,Ruturaj Jamdar,612ef7bb0f8ff40068cd574d,07/Sep/21 4:07 AM,08/Sep/21 9:08 AM,08/Sep/21 9:08 AM,07/Sep/21 11:54 AM,,0,,,Ruturaj Jamdar,612ef7bb0f8ff40068cd574d,,,,,,,,,,,,UN-30,UN-7,,,,,,,,{},,,,,,,0|i0006m:zwzi,,UN Sprint 1,,,,,,,,Done
verify whether add Image in category in data field,UN-47,10071,Test,Done,UN,Uniform,software,Ruturaj Jamdar,612ef7bb0f8ff40068cd574d,,Medium,Done,Ruturaj Jamdar,612ef7bb0f8ff40068cd574d,Ruturaj Jamdar,612ef7bb0f8ff40068cd574d,Ruturaj Jamdar,612ef7bb0f8ff40068cd574d,07/Sep/21 3:41 AM,07/Sep/21 11:50 AM,07/Sep/21 11:50 AM,07/Sep/21 11:50 AM,,0,,,Ruturaj Jamdar,612ef7bb0f8ff40068cd574d,,,,,,,,,,,,UN-39,UN-30,UN-7,,,,,,,{},,,,,,,0|i0006m:zwz,,UN Sprint 1,,,,,,,,Done
verify whether admin can rebuild the solution or not,UN-46,10070,Test,Done,UN,Uniform,software,Ruturaj Jamdar,612ef7bb0f8ff40068cd574d,,Medium,Done,Ruturaj Jamdar,612ef7bb0f8ff40068cd574d,Ruturaj Jamdar,612ef7bb0f8ff40068cd574d,Ruturaj Jamdar,612ef7bb0f8ff40068cd574d,06/Sep/21 8:46 AM,07/Sep/21 11:48 AM,07/Sep/21 11:48 AM,07/Sep/21 11:48 AM,,0,,,Ruturaj Jamdar,612ef7bb0f8ff40068cd574d,,,,,,,,,,,,UN-45,UN-7,,,,,,,,{},,,,,,,0|i0006m:zwxr,,UN Sprint 1,,,,,,,,Done
As a admin I have to rebuild the solution in category,UN-45,10069,Story,Done,UN,Uniform,software,Ruturaj Jamdar,612ef7bb0f8ff40068cd574d,,Medium,Done,Ruturaj Jamdar,612ef7bb0f8ff40068cd574d,Ruturaj Jamdar,612ef7bb0f8ff40068cd574d,Ruturaj Jamdar,612ef7bb0f8ff40068cd574d,06/Sep/21 8:45 AM,07/Sep/21 11:48 AM,07/Sep/21 11:48 AM,07/Sep/21 11:48 AM,,0,,,Ruturaj Jamdar,612ef7bb0f8ff40068cd574d,,,,,,,,,,,,UN-7,,,,,,,,,{},,,,,,,0|i0006m:zwxi,,UN Sprint 1,,,,,,,,Done
Verify whether given list renders or not(pagination) Category,UN-44,10068,Test,Done,UN,Uniform,software,Ruturaj Jamdar,612ef7bb0f8ff40068cd574d,,Medium,Done,Ruturaj Jamdar,612ef7bb0f8ff40068cd574d,Ruturaj Jamdar,612ef7bb0f8ff40068cd574d,Ruturaj Jamdar,612ef7bb0f8ff40068cd574d,06/Sep/21 3:47 AM,08/Sep/21 9:12 AM,08/Sep/21 9:12 AM,07/Sep/21 11:48 AM,,0,,,Ruturaj Jamdar,612ef7bb0f8ff40068cd574d,,,,,,,,,,,,UN-43,UN-7,,,,,,,,{},,,,,,,0|i0006m:zwy,,UN Sprint 1,,,,,,,,Done
As a admin I have to check whether given list below is rendering or not,UN-43,10067,Story,Done,UN,Uniform,software,Ruturaj Jamdar,612ef7bb0f8ff40068cd574d,,Medium,Done,Ruturaj Jamdar,612ef7bb0f8ff40068cd574d,Ruturaj Jamdar,612ef7bb0f8ff40068cd574d,Ruturaj Jamdar,612ef7bb0f8ff40068cd574d,06/Sep/21 3:46 AM,07/Sep/21 11:49 AM,08/Sep/21 9:11 AM,07/Sep/21 11:49 AM,,0,,,Ruturaj Jamdar,612ef7bb0f8ff40068cd574d,,,,,,,,,,,,,,,,,,,,,{},,,,,,,0|i0006m:zwx,,UN Sprint 1,,,,,,,,Done
As a admin I have to sort coupon according to field,UN-42,10066,Story,Done,UN,Uniform,software,Ruturaj Jamdar,612ef7bb0f8ff40068cd574d,,Medium,Done,Ruturaj Jamdar,612ef7bb0f8ff40068cd574d,Ruturaj Jamdar,612ef7bb0f8ff40068cd574d,Ruturaj Jamdar,612ef7bb0f8ff40068cd574d,03/Sep/21 6:57 AM,08/Sep/21 3:41 AM,07/Sep/21 11:53 AM,07/Sep/21 11:52 AM,,0,,,Ruturaj Jamdar,612ef7bb0f8ff40068cd574d,,,,,,,,,,,,,,,,,,,,,{},,,,,,,0|i0006m:zw9,,UN Sprint 1,,,,,,,,Done
verify sorting  the coupon list according to fields,UN-41,10065,Test,Done,UN,Uniform,software,Ruturaj Jamdar,612ef7bb0f8ff40068cd574d,,Medium,Done,Ruturaj Jamdar,612ef7bb0f8ff40068cd574d,Ruturaj Jamdar,612ef7bb0f8ff40068cd574d,Ruturaj Jamdar,612ef7bb0f8ff40068cd574d,03/Sep/21 6:55 AM,09/Sep/21 5:00 AM,07/Sep/21 11:48 AM,07/Sep/21 11:48 AM,,0,,,Ruturaj Jamdar,612ef7bb0f8ff40068cd574d,,,,,,,,,,,,UN-42,,,,,,,,,{},,,,,,,0|i0006m:zwu,,UN Sprint 1,,,,,,,,Done
verify that all the category name and sort order is visible,UN-40,10064,Test,Done,UN,Uniform,software,Ruturaj Jamdar,612ef7bb0f8ff40068cd574d,,Medium,Done,Ruturaj Jamdar,612ef7bb0f8ff40068cd574d,Ruturaj Jamdar,612ef7bb0f8ff40068cd574d,Ruturaj Jamdar,612ef7bb0f8ff40068cd574d,03/Sep/21 5:54 AM,07/Sep/21 11:48 AM,07/Sep/21 11:48 AM,07/Sep/21 11:48 AM,,0,,,Ruturaj Jamdar,612ef7bb0f8ff40068cd574d,,,,,,,,,,,,UN-33,,,,,,,,,{},,,,,,,0|i0006m:zwt,,UN Sprint 1,,,,,,,,Done
verify that admin can add all data and design of product in category,UN-39,10063,Test,Done,UN,Uniform,software,Ruturaj Jamdar,612ef7bb0f8ff40068cd574d,,Medium,Done,Ruturaj Jamdar,612ef7bb0f8ff40068cd574d,Ruturaj Jamdar,612ef7bb0f8ff40068cd574d,Ruturaj Jamdar,612ef7bb0f8ff40068cd574d,03/Sep/21 4:08 AM,07/Sep/21 11:53 AM,07/Sep/21 11:53 AM,07/Sep/21 11:53 AM,,0,,,Ruturaj Jamdar,612ef7bb0f8ff40068cd574d,,,,,,,,,,,,UN-30,,,,,,,,,{},,,,,,,0|i0006m:zwti,,UN Sprint 1,,,,,,,,Done
verify date and status in coupon,UN-38,10062,Test,Done,UN,Uniform,software,Ruturaj Jamdar,612ef7bb0f8ff40068cd574d,,Medium,Done,Ruturaj Jamdar,612ef7bb0f8ff40068cd574d,Ruturaj Jamdar,612ef7bb0f8ff40068cd574d,Ruturaj Jamdar,612ef7bb0f8ff40068cd574d,02/Sep/21 12:11 PM,09/Sep/21 5:00 AM,08/Sep/21 9:06 AM,07/Sep/21 11:50 AM,,0,,,Ruturaj Jamdar,612ef7bb0f8ff40068cd574d,,,,,,,,,,,,UN-33,,,,,,,,,{},,,,,,,0|i0006m:zwr,,UN Sprint 1,,,,,,,,Done
verify products and category in coupon,UN-37,10061,Test,Done,UN,Uniform,software,Ruturaj Jamdar,612ef7bb0f8ff40068cd574d,,Medium,Done,Ruturaj Jamdar,612ef7bb0f8ff40068cd574d,Ruturaj Jamdar,612ef7bb0f8ff40068cd574d,Ruturaj Jamdar,612ef7bb0f8ff40068cd574d,02/Sep/21 12:11 PM,09/Sep/21 5:00 AM,08/Sep/21 9:10 AM,07/Sep/21 11:47 AM,,0,,,Ruturaj Jamdar,612ef7bb0f8ff40068cd574d,,,,,,,,,,,,UN-33,,,,,,,,,{},,,,,,,0|i0006m:zwi,,UN Sprint 1,,,,,,,,Done
verify buttons cust login and free shiping in coupon,UN-36,10060,Test,Done,UN,Uniform,software,Ruturaj Jamdar,612ef7bb0f8ff40068cd574d,,Medium,Done,Ruturaj Jamdar,612ef7bb0f8ff40068cd574d,Ruturaj Jamdar,612ef7bb0f8ff40068cd574d,Ruturaj Jamdar,612ef7bb0f8ff40068cd574d,02/Sep/21 12:10 PM,09/Sep/21 5:00 AM,07/Sep/21 11:53 AM,07/Sep/21 11:52 AM,,0,,,Ruturaj Jamdar,612ef7bb0f8ff40068cd574d,,,,,,,,,,,,UN-33,,,,,,,,,{},,,,,,,0|i0006m:zw,,UN Sprint 1,,,,,,,,Done
verify the type in coupon,UN-35,10059,Test,Done,UN,Uniform,software,Ruturaj Jamdar,612ef7bb0f8ff40068cd574d,,Medium,Done,Ruturaj Jamdar,612ef7bb0f8ff40068cd574d,Ruturaj Jamdar,612ef7bb0f8ff40068cd574d,Ruturaj Jamdar,612ef7bb0f8ff40068cd574d,02/Sep/21 12:09 PM,09/Sep/21 5:00 AM,08/Sep/21 9:05 AM,07/Sep/21 11:47 AM,,0,,,Ruturaj Jamdar,612ef7bb0f8ff40068cd574d,,,,,,,,,,,,UN-33,,,,,,,,,{},,,,,,,0|i0006m:zv,,UN Sprint 1,,,,,,,,Done
verify  whether admin can add coupon  name and code for coupon,UN-34,10058,Test,Done,UN,Uniform,software,Ruturaj Jamdar,612ef7bb0f8ff40068cd574d,,Medium,Done,Ruturaj Jamdar,612ef7bb0f8ff40068cd574d,Ruturaj Jamdar,612ef7bb0f8ff40068cd574d,Ruturaj Jamdar,612ef7bb0f8ff40068cd574d,02/Sep/21 12:09 PM,09/Sep/21 5:00 AM,07/Sep/21 11:49 AM,07/Sep/21 11:49 AM,,0,,,Ruturaj Jamdar,612ef7bb0f8ff40068cd574d,,,,,,,,,,,,UN-33,,,,,,,,,{},,,,,,,0|i0006m:zx,,UN Sprint 1,,,,,,,,Done
As a admin I have to add all details in coupon,UN-33,10057,Story,Done,UN,Uniform,software,Ruturaj Jamdar,612ef7bb0f8ff40068cd574d,,Medium,Done,Ruturaj Jamdar,612ef7bb0f8ff40068cd574d,Ruturaj Jamdar,612ef7bb0f8ff40068cd574d,Ruturaj Jamdar,612ef7bb0f8ff40068cd574d,02/Sep/21 12:06 PM,07/Sep/21 11:52 AM,07/Sep/21 11:52 AM,07/Sep/21 11:52 AM,,0,,,Ruturaj Jamdar,612ef7bb0f8ff40068cd574d,,,,,,,,,,,,UN-15,,,,,,,,,{},,,,,,,0|i0006m:zu,,UN Sprint 1,,,,,,,,Done
To verify meta tag and its description and its keywords in category,UN-32,10056,Test,Done,UN,Uniform,software,Ruturaj Jamdar,612ef7bb0f8ff40068cd574d,,Medium,Done,Ruturaj Jamdar,612ef7bb0f8ff40068cd574d,Ruturaj Jamdar,612ef7bb0f8ff40068cd574d,Ruturaj Jamdar,612ef7bb0f8ff40068cd574d,02/Sep/21 12:00 PM,07/Sep/21 11:47 AM,08/Sep/21 8:57 AM,07/Sep/21 11:47 AM,,0,,,Ruturaj Jamdar,612ef7bb0f8ff40068cd574d,,,,,,,,,,,,UN-30,UN-7,,,,,,,,{},,,,,,,0|i0006m:zp,,UN Sprint 1,,,,,,,,Done
To verify category name  in category,UN-31,10055,Test,Done,UN,Uniform,software,Ruturaj Jamdar,612ef7bb0f8ff40068cd574d,,Medium,Done,Ruturaj Jamdar,612ef7bb0f8ff40068cd574d,Ruturaj Jamdar,612ef7bb0f8ff40068cd574d,Ruturaj Jamdar,612ef7bb0f8ff40068cd574d,02/Sep/21 12:00 PM,08/Sep/21 8:55 AM,08/Sep/21 8:54 AM,07/Sep/21 11:52 AM,,0,,,Ruturaj Jamdar,612ef7bb0f8ff40068cd574d,,,,,,,,,,,,UN-30,UN-7,,,,,,,,{},,,,,,,0|i0006m:zf,,UN Sprint 1,,,,,,,,Done
As a admin I have to add all details in category,UN-30,10054,Story,Done,UN,Uniform,software,Ruturaj Jamdar,612ef7bb0f8ff40068cd574d,,Medium,Done,Ruturaj Jamdar,612ef7bb0f8ff40068cd574d,Ruturaj Jamdar,612ef7bb0f8ff40068cd574d,Ruturaj Jamdar,612ef7bb0f8ff40068cd574d,02/Sep/21 11:59 AM,07/Sep/21 11:47 AM,09/Sep/21 5:11 AM,07/Sep/21 11:47 AM,,0,,,Ruturaj Jamdar,612ef7bb0f8ff40068cd574d,,,,,,,,,,,,UN-7,,,,,,,,,{},,,,,,,0|i0006m:yv,,UN Sprint 1,,,,,,,,Done
verify the blank page in coupon ,UN-29,10053,Test,Done,UN,Uniform,software,Ruturaj Jamdar,612ef7bb0f8ff40068cd574d,,Medium,Done,Ruturaj Jamdar,612ef7bb0f8ff40068cd574d,Ruturaj Jamdar,612ef7bb0f8ff40068cd574d,Ruturaj Jamdar,612ef7bb0f8ff40068cd574d,02/Sep/21 9:45 AM,09/Sep/21 5:00 AM,07/Sep/21 11:51 AM,07/Sep/21 11:51 AM,,0,,,Ruturaj Jamdar,612ef7bb0f8ff40068cd574d,,,,,,,,,,,,UN-28,,,,,,,,,{},,,,,,,0|i0006m:x6,,UN Sprint 1,,,,,,,,Done
As a admin I have to add blank new coupon,UN-28,10052,Story,Done,UN,Uniform,software,Ruturaj Jamdar,612ef7bb0f8ff40068cd574d,,Medium,Done,Ruturaj Jamdar,612ef7bb0f8ff40068cd574d,Ruturaj Jamdar,612ef7bb0f8ff40068cd574d,Ruturaj Jamdar,612ef7bb0f8ff40068cd574d,02/Sep/21 9:44 AM,07/Sep/21 11:51 AM,07/Sep/21 11:51 AM,07/Sep/21 11:51 AM,,0,,,Ruturaj Jamdar,612ef7bb0f8ff40068cd574d,,,,,,,,,,,,UN-15,,,,,,,,,{},,,,,,,0|i0006m:x4,,UN Sprint 1,,,,,,,,Done
"verify coupon list,name,code,date,status",UN-27,10051,Test,Done,UN,Uniform,software,Ruturaj Jamdar,612ef7bb0f8ff40068cd574d,,Medium,Done,Ruturaj Jamdar,612ef7bb0f8ff40068cd574d,Ruturaj Jamdar,612ef7bb0f8ff40068cd574d,Ruturaj Jamdar,612ef7bb0f8ff40068cd574d,02/Sep/21 9:33 AM,09/Sep/21 5:00 AM,07/Sep/21 11:49 AM,07/Sep/21 11:49 AM,,0,,,Ruturaj Jamdar,612ef7bb0f8ff40068cd574d,,,,,,,,,,,,UN-26,,,,,,,,,{},,,,,,,0|i0006m:xr,,UN Sprint 1,,,,,,,,Done
"As a admin I have to check coupon list,name,code,date,status",UN-26,10050,Story,Done,UN,Uniform,software,Ruturaj Jamdar,612ef7bb0f8ff40068cd574d,,Medium,Done,Ruturaj Jamdar,612ef7bb0f8ff40068cd574d,Ruturaj Jamdar,612ef7bb0f8ff40068cd574d,Ruturaj Jamdar,612ef7bb0f8ff40068cd574d,02/Sep/21 9:33 AM,07/Sep/21 11:52 AM,07/Sep/21 11:52 AM,07/Sep/21 11:52 AM,,0,,,Ruturaj Jamdar,612ef7bb0f8ff40068cd574d,,,,,,,,,,,,UN-15,,,,,,,,,{},,,,,,,0|i0006m:xi,,UN Sprint 1,,,,,,,,Done
 verify whether admin can edit the coupon,UN-25,10049,Test,Done,UN,Uniform,software,Ruturaj Jamdar,612ef7bb0f8ff40068cd574d,,Medium,Done,Ruturaj Jamdar,612ef7bb0f8ff40068cd574d,Ruturaj Jamdar,612ef7bb0f8ff40068cd574d,Ruturaj Jamdar,612ef7bb0f8ff40068cd574d,02/Sep/21 9:28 AM,08/Sep/21 4:09 AM,08/Sep/21 4:09 AM,07/Sep/21 11:46 AM,,0,,,Ruturaj Jamdar,612ef7bb0f8ff40068cd574d,,,,,,,,,,,,,,,,,,,,,{},,,,,,,0|i0006m:wm,,UN Sprint 1,,,,,,,,Done
As a admin I have to edit existing coupon,UN-24,10048,Story,block,UN,Uniform,software,Ruturaj Jamdar,612ef7bb0f8ff40068cd574d,,Medium,,Ruturaj Jamdar,612ef7bb0f8ff40068cd574d,Ruturaj Jamdar,612ef7bb0f8ff40068cd574d,Ruturaj Jamdar,612ef7bb0f8ff40068cd574d,02/Sep/21 9:27 AM,08/Sep/21 5:11 AM,08/Sep/21 5:20 AM,,,0,,,Ruturaj Jamdar,612ef7bb0f8ff40068cd574d,,,,,,,,,,,,UN-15,UN-25,,,,,,,,{},,,,,,,0|i0006m:wk,,UN Sprint 1,,,,,,,,In Progress
verify  whether admin can save or cancel new coupon,UN-23,10047,Test,Done,UN,Uniform,software,Ruturaj Jamdar,612ef7bb0f8ff40068cd574d,,Medium,Done,Ruturaj Jamdar,612ef7bb0f8ff40068cd574d,Ruturaj Jamdar,612ef7bb0f8ff40068cd574d,Ruturaj Jamdar,612ef7bb0f8ff40068cd574d,02/Sep/21 9:20 AM,09/Sep/21 5:00 AM,07/Sep/21 11:51 AM,07/Sep/21 11:51 AM,,0,,,Ruturaj Jamdar,612ef7bb0f8ff40068cd574d,,,,,,,,,,,,UN-22,,,,,,,,,{},,,,,,,0|i0006m:wg,,UN Sprint 1,,,,,,,,Done
As a admin I have to save or cancel coupon,UN-22,10046,Story,Done,UN,Uniform,software,Ruturaj Jamdar,612ef7bb0f8ff40068cd574d,,Medium,Done,Ruturaj Jamdar,612ef7bb0f8ff40068cd574d,Ruturaj Jamdar,612ef7bb0f8ff40068cd574d,Ruturaj Jamdar,612ef7bb0f8ff40068cd574d,02/Sep/21 9:19 AM,07/Sep/21 11:50 AM,07/Sep/21 11:50 AM,07/Sep/21 11:50 AM,,0,,,Ruturaj Jamdar,612ef7bb0f8ff40068cd574d,,,,,,,,,,,,UN-15,,,,,,,,,{},,,,,,,0|i0006m:wf,,UN Sprint 1,,,,,,,,Done
verify whether admin can delete existing coupon,UN-21,10045,Test,Done,UN,Uniform,software,Ruturaj Jamdar,612ef7bb0f8ff40068cd574d,,Medium,Done,Ruturaj Jamdar,612ef7bb0f8ff40068cd574d,Ruturaj Jamdar,612ef7bb0f8ff40068cd574d,Ruturaj Jamdar,612ef7bb0f8ff40068cd574d,02/Sep/21 9:09 AM,09/Sep/21 5:00 AM,09/Sep/21 5:11 AM,07/Sep/21 11:46 AM,,0,,,Ruturaj Jamdar,612ef7bb0f8ff40068cd574d,,,,,,,,,,,,UN-20,,,,,,,,,{},,,,,,,0|i0006m:wd,,UN Sprint 1,,,,,,,,Done
As a admin I have to delete existing coupon,UN-20,10044,Story,Done,UN,Uniform,software,Ruturaj Jamdar,612ef7bb0f8ff40068cd574d,,Medium,Done,Ruturaj Jamdar,612ef7bb0f8ff40068cd574d,Ruturaj Jamdar,612ef7bb0f8ff40068cd574d,Ruturaj Jamdar,612ef7bb0f8ff40068cd574d,02/Sep/21 9:09 AM,07/Sep/21 11:49 AM,07/Sep/21 11:49 AM,07/Sep/21 11:49 AM,,0,,,Ruturaj Jamdar,612ef7bb0f8ff40068cd574d,,,,,,,,,,,,UN-15,,,,,,,,,{},,,,,,,0|i0006m:w9,,UN Sprint 1,,,,,,,,Done
verify  whether admin can add new coupon,UN-19,10043,Test,Done,UN,Uniform,software,Ruturaj Jamdar,612ef7bb0f8ff40068cd574d,,Medium,Done,Ruturaj Jamdar,612ef7bb0f8ff40068cd574d,Ruturaj Jamdar,612ef7bb0f8ff40068cd574d,Ruturaj Jamdar,612ef7bb0f8ff40068cd574d,02/Sep/21 8:56 AM,09/Sep/21 5:00 AM,07/Sep/21 11:51 AM,07/Sep/21 11:51 AM,,0,,,Ruturaj Jamdar,612ef7bb0f8ff40068cd574d,,,,,,,,,,,,UN-18,,,,,,,,,{},,,,,,,0|i0006m:x5,,UN Sprint 1,,,,,,,,Done
As a admin I have to add new coupon,UN-18,10042,Story,Done,UN,Uniform,software,Ruturaj Jamdar,612ef7bb0f8ff40068cd574d,,Medium,Done,Ruturaj Jamdar,612ef7bb0f8ff40068cd574d,Ruturaj Jamdar,612ef7bb0f8ff40068cd574d,Ruturaj Jamdar,612ef7bb0f8ff40068cd574d,02/Sep/21 8:56 AM,07/Sep/21 11:46 AM,09/Sep/21 5:11 AM,07/Sep/21 11:46 AM,,0,,,Ruturaj Jamdar,612ef7bb0f8ff40068cd574d,,,,,,,,,,,,UN-15,,,,,,,,,{},,,,,,,0|i0006m:w,,UN Sprint 1,,,,,,,,Done
As a admin I have to add blank new category,UN-17,10041,Test,Done,UN,Uniform,software,Ruturaj Jamdar,612ef7bb0f8ff40068cd574d,,Medium,Done,Ruturaj Jamdar,612ef7bb0f8ff40068cd574d,Ruturaj Jamdar,612ef7bb0f8ff40068cd574d,Ruturaj Jamdar,612ef7bb0f8ff40068cd574d,02/Sep/21 8:50 AM,07/Sep/21 11:47 AM,09/Sep/21 5:11 AM,07/Sep/21 11:47 AM,,0,,,Ruturaj Jamdar,612ef7bb0f8ff40068cd574d,,,,,,,,,,,,UN-7,,,,,,,,,{},,,,,,,0|i0006m:x9,,UN Sprint 1,,,,,,,,Done
As a admin I have to add blank new category,UN-16,10040,Story,Done,UN,Uniform,software,Ruturaj Jamdar,612ef7bb0f8ff40068cd574d,,Medium,Done,Ruturaj Jamdar,612ef7bb0f8ff40068cd574d,Ruturaj Jamdar,612ef7bb0f8ff40068cd574d,Ruturaj Jamdar,612ef7bb0f8ff40068cd574d,02/Sep/21 8:49 AM,07/Sep/21 11:51 AM,07/Sep/21 11:51 AM,07/Sep/21 11:51 AM,,0,,,Ruturaj Jamdar,612ef7bb0f8ff40068cd574d,,,,,,,,,,,,UN-7,,,,,,,,,{},,,,,,,0|i0006m:x,,UN Sprint 1,,,,,,,,Done
Functionality about coupons,UN-15,10039,Epic,Done,UN,Uniform,software,Ruturaj Jamdar,612ef7bb0f8ff40068cd574d,,Medium,Done,Ruturaj Jamdar,612ef7bb0f8ff40068cd574d,Ruturaj Jamdar,612ef7bb0f8ff40068cd574d,Ruturaj Jamdar,612ef7bb0f8ff40068cd574d,02/Sep/21 8:09 AM,09/Sep/21 5:01 AM,09/Sep/21 4:59 AM,07/Sep/21 12:22 PM,,0,,,Ruturaj Jamdar,612ef7bb0f8ff40068cd574d,,,,,,,,,,,,,,,,,,,,,{},ghx-label-8,,Coupons,To Do,,,0|i0008f:,,UN Sprint 1,,,,,,,,Done
verify whether admin can edit the category,UN-14,10038,Test,Done,UN,Uniform,software,Ruturaj Jamdar,612ef7bb0f8ff40068cd574d,,Medium,Done,Ruturaj Jamdar,612ef7bb0f8ff40068cd574d,Ruturaj Jamdar,612ef7bb0f8ff40068cd574d,Ruturaj Jamdar,612ef7bb0f8ff40068cd574d,02/Sep/21 7:57 AM,08/Sep/21 4:09 AM,09/Sep/21 5:11 AM,07/Sep/21 11:46 AM,,0,,,Ruturaj Jamdar,612ef7bb0f8ff40068cd574d,,,,,,,,,,,,UN-13,UN-7,,,,,,,,{},,,,,,,0|i0006m:v,,UN Sprint 1,,,,,,,,Done
As a admin I have to edit the category,UN-13,10037,Story,Done,UN,Uniform,software,Ruturaj Jamdar,612ef7bb0f8ff40068cd574d,,Medium,Done,Ruturaj Jamdar,612ef7bb0f8ff40068cd574d,Ruturaj Jamdar,612ef7bb0f8ff40068cd574d,Ruturaj Jamdar,612ef7bb0f8ff40068cd574d,02/Sep/21 7:57 AM,07/Sep/21 11:46 AM,09/Sep/21 5:11 AM,07/Sep/21 11:45 AM,,0,,,Ruturaj Jamdar,612ef7bb0f8ff40068cd574d,,,,,,,,,,,,UN-7,,,,,,,,,{},,,,,,,0|i0006m:r,,UN Sprint 1,,,,,,,,Done
verify whether admin can sort category or not,UN-12,10036,Test,Done,UN,Uniform,software,Ruturaj Jamdar,612ef7bb0f8ff40068cd574d,,Medium,Done,Ruturaj Jamdar,612ef7bb0f8ff40068cd574d,Ruturaj Jamdar,612ef7bb0f8ff40068cd574d,Ruturaj Jamdar,612ef7bb0f8ff40068cd574d,02/Sep/21 7:50 AM,07/Sep/21 11:45 AM,09/Sep/21 5:11 AM,07/Sep/21 11:45 AM,,0,,,Ruturaj Jamdar,612ef7bb0f8ff40068cd574d,,,,,,,,,,,,UN-11,UN-7,,,,,,,,{},,,,,,,0|i0006m:i,,UN Sprint 1,,,,,,,,Done
As a admin I have to sort the  category,UN-11,10035,Story,Done,UN,Uniform,software,Ruturaj Jamdar,612ef7bb0f8ff40068cd574d,,Medium,Done,Ruturaj Jamdar,612ef7bb0f8ff40068cd574d,Ruturaj Jamdar,612ef7bb0f8ff40068cd574d,Ruturaj Jamdar,612ef7bb0f8ff40068cd574d,02/Sep/21 7:48 AM,07/Sep/21 11:45 AM,09/Sep/21 5:11 AM,07/Sep/21 11:45 AM,,0,,,Ruturaj Jamdar,612ef7bb0f8ff40068cd574d,,,,,,,,,,,,UN-7,,,,,,,,,{},,,,,,,0|i0006m:,,UN Sprint 1,,,,,,,,Done
 verify whether admin can cancel a  new category,UN-10,10034,Test,Done,UN,Uniform,software,Ruturaj Jamdar,612ef7bb0f8ff40068cd574d,,Medium,Done,Ruturaj Jamdar,612ef7bb0f8ff40068cd574d,Ruturaj Jamdar,612ef7bb0f8ff40068cd574d,Ruturaj Jamdar,612ef7bb0f8ff40068cd574d,02/Sep/21 7:24 AM,07/Sep/21 11:45 AM,09/Sep/21 5:11 AM,07/Sep/21 11:45 AM,,0,,,Ruturaj Jamdar,612ef7bb0f8ff40068cd574d,,,,,,,,,,,UN-6,UN-7,UN-8,,,,,,,,{},,,,,,,0|i0006l:,,UN Sprint 1,,,,,,,,Done
verify whether admin can cancel new category,UN-8,10032,Story,Done,UN,Uniform,software,Ruturaj Jamdar,612ef7bb0f8ff40068cd574d,,Medium,Done,Ruturaj Jamdar,612ef7bb0f8ff40068cd574d,Ruturaj Jamdar,612ef7bb0f8ff40068cd574d,Ruturaj Jamdar,612ef7bb0f8ff40068cd574d,02/Sep/21 7:22 AM,07/Sep/21 11:44 AM,09/Sep/21 5:11 AM,07/Sep/21 11:44 AM,,0,,,Ruturaj Jamdar,612ef7bb0f8ff40068cd574d,,,,,,,,,,,,UN-7,,,,,,,,,{},,,,,,,0|i0006j:,,UN Sprint 1,,,,,,,,Done
Functionality about categories,UN-7,10031,Epic,Done,UN,Uniform,software,Ruturaj Jamdar,612ef7bb0f8ff40068cd574d,,Medium,Done,Ruturaj Jamdar,612ef7bb0f8ff40068cd574d,Ruturaj Jamdar,612ef7bb0f8ff40068cd574d,Ruturaj Jamdar,612ef7bb0f8ff40068cd574d,02/Sep/21 7:16 AM,09/Sep/21 5:03 AM,09/Sep/21 5:03 AM,07/Sep/21 12:22 PM,,0,,,Ruturaj Jamdar,612ef7bb0f8ff40068cd574d,,,,,,,,,,,,,,,,,,,,,{},ghx-label-5,,Categories,To Do,,,0|i0006n:,,UN Sprint 1,,,,,,,,Done
verify whether admin can save a  new category,UN-6,10030,Test,Done,UN,Uniform,software,Ruturaj Jamdar,612ef7bb0f8ff40068cd574d,,Medium,Done,Ruturaj Jamdar,612ef7bb0f8ff40068cd574d,Ruturaj Jamdar,612ef7bb0f8ff40068cd574d,Ruturaj Jamdar,612ef7bb0f8ff40068cd574d,02/Sep/21 7:10 AM,07/Sep/21 11:44 AM,09/Sep/21 5:11 AM,07/Sep/21 11:44 AM,,0,,,Ruturaj Jamdar,612ef7bb0f8ff40068cd574d,,,,,,,,,,,,UN-5,UN-7,,,,,,,,{},,,,,,,0|i0006f:,,UN Sprint 1,,,,,,,,Done
As a admin I have to save the  new category,UN-5,10029,Story,Done,UN,Uniform,software,Ruturaj Jamdar,612ef7bb0f8ff40068cd574d,,Medium,Done,Ruturaj Jamdar,612ef7bb0f8ff40068cd574d,Ruturaj Jamdar,612ef7bb0f8ff40068cd574d,Ruturaj Jamdar,612ef7bb0f8ff40068cd574d,02/Sep/21 7:09 AM,07/Sep/21 11:44 AM,09/Sep/21 5:11 AM,07/Sep/21 11:44 AM,,0,,,Ruturaj Jamdar,612ef7bb0f8ff40068cd574d,,,,,,,,,,,,UN-7,,,,,,,,,{},,,,,,,0|i00067:,,UN Sprint 1,,,,,,,,Done
verify whether admin can delete existing category,UN-4,10028,Test,Done,UN,Uniform,software,Ruturaj Jamdar,612ef7bb0f8ff40068cd574d,,Medium,Done,Ruturaj Jamdar,612ef7bb0f8ff40068cd574d,Ruturaj Jamdar,612ef7bb0f8ff40068cd574d,Ruturaj Jamdar,612ef7bb0f8ff40068cd574d,02/Sep/21 7:01 AM,07/Sep/21 11:44 AM,09/Sep/21 5:11 AM,07/Sep/21 11:44 AM,,0,,,Ruturaj Jamdar,612ef7bb0f8ff40068cd574d,,,,,,,,,,,,UN-3,UN-7,,,,,,,,{},,,,,,,0|i0005z:,,UN Sprint 1,,,,,,,,Done
As a admin I have to delete existing category,UN-3,10027,Story,Done,UN,Uniform,software,Ruturaj Jamdar,612ef7bb0f8ff40068cd574d,,Medium,Done,Ruturaj Jamdar,612ef7bb0f8ff40068cd574d,Ruturaj Jamdar,612ef7bb0f8ff40068cd574d,Ruturaj Jamdar,612ef7bb0f8ff40068cd574d,02/Sep/21 7:00 AM,07/Sep/21 11:44 AM,09/Sep/21 5:11 AM,07/Sep/21 11:44 AM,,0,,,Ruturaj Jamdar,612ef7bb0f8ff40068cd574d,,,,,,,,,,,,UN-7,,,,,,,,,{},,,,,,,0|i0005r:,,UN Sprint 1,,,,,,,,Done
verify whether admin can add new category,UN-2,10026,Test,Done,UN,Uniform,software,Ruturaj Jamdar,612ef7bb0f8ff40068cd574d,,Medium,Done,Ruturaj Jamdar,612ef7bb0f8ff40068cd574d,Ruturaj Jamdar,612ef7bb0f8ff40068cd574d,Ruturaj Jamdar,612ef7bb0f8ff40068cd574d,02/Sep/21 6:39 AM,07/Sep/21 11:43 AM,07/Sep/21 1:21 PM,07/Sep/21 11:43 AM,,0,,,Ruturaj Jamdar,612ef7bb0f8ff40068cd574d,,,,,,,,,,,,UN-1,UN-7,,,,,,,,{},,,,,,,0|i0005j:,,UN Sprint 1,,,,,,,,Done
As a admin I have to add new category,UN-1,10025,Story,Done,UN,Uniform,software,Ruturaj Jamdar,612ef7bb0f8ff40068cd574d,,Medium,Done,Ruturaj Jamdar,612ef7bb0f8ff40068cd574d,Ruturaj Jamdar,612ef7bb0f8ff40068cd574d,Ruturaj Jamdar,612ef7bb0f8ff40068cd574d,02/Sep/21 6:38 AM,07/Sep/21 11:43 AM,09/Sep/21 5:11 AM,07/Sep/21 11:43 AM,,0,,,Ruturaj Jamdar,612ef7bb0f8ff40068cd574d,,,,,,,,,,,,UN-7,,,,,,,,,{},,,,,,,0|i0005b:,,UN Sprint 1,,,,,,,,Done
